{
  "project_info": {
    "project_number": "181269653511",
    "project_id": "investimento-d2f4c",
    "storage_bucket": "investimento-d2f4c.firebasestorage.app"
  },
  "client": [
    {
      "client_info": {
        "mobilesdk_app_id": "1:181269653511:android:cb297a761460f04a5fe2a2",
        "android_client_info": {
          "package_name": "com.example.investidor"
        }
      },
      "oauth_client": [],
      "api_key": [
        {
          "current_key": "AIzaSyAwfZefh-6plbY8Dt2Ui-Ev2nCHdGRiEKU"
        }
      ],
      "services": {
        "appinvite_service": {
          "other_platform_oauth_client": []
        }
      }
    }
  ],
  "configuration_version": "1"
}